X,Y
-78.57331296,33.84796784
-78.57507074,33.85210597
-78.57682852,33.85624409
-78.57950433,33.85981056
-78.58244246,33.86321369
-78.586282,33.86547326
-78.59027721,33.86753534
-78.59470535,33.86825586
-78.59915229,33.86891812
-78.60000568,33.87267839
-78.59875126,33.87619532
-78.5943899,33.87728729
-78.59002853,33.87837925
-78.58566717,33.87947122
-78.58130581,33.88056318
-78.57694444,33.88165515
-78.57258308,33.88274712
-78.56822171,33.88383908
-78.56386035,33.88493105
-78.55949899,33.88602302
-78.55513762,33.88711498
-78.55077626,33.88820695
-78.5464149,33.88929892
-78.54539954,33.88610385
-78.54674829,33.88228692
-78.55031012,33.87955677
-78.55317285,33.87608998
-78.55603558,33.87262319
-78.55889831,33.86915639
-78.55483247,33.87033136
-78.55053728,33.87165997
-78.54624209,33.87298859
-78.5419469,33.8743172
-78.53765171,33.87564581
-78.53335651,33.87697443
-78.52906132,33.87830304
-78.52476613,33.87963166
-78.52047094,33.88096027
-78.51617575,33.88228889
-78.51188056,33.8836175
-78.50758537,33.88494611
-78.50329018,33.88627473
-78.49899499,33.88760334
-78.49469979,33.88893196
-78.4904046,33.89026057
-78.48610941,33.89158918
-78.48181422,33.8929178
-78.47751903,33.89424641
-78.47322384,33.89557503
-78.46888886,33.89675518
-78.46450495,33.89775281
-78.46012105,33.89875045
-78.45573715,33.89974809
-78.45135325,33.90074572
-78.44696934,33.90174336
-78.44258544,33.90274099
-78.43820154,33.90373863
-78.43381763,33.90473626
-78.42943373,33.9057339
-78.42504983,33.90673154
-78.42066593,33.90772917
-78.41628202,33.90872681
-78.41189812,33.90972444
-78.40758144,33.91090628
-78.40358549,33.91296692
-78.39958953,33.91502755
-78.39559358,33.91708819
-78.39159762,33.91914883
-78.38760167,33.92120946
-78.3844152,33.92398156
-78.38288458,33.92820898
-78.38135396,33.9324364
-78.37982334,33.93666382
-78.37829273,33.94089124
-78.37676211,33.94511866
-78.37523149,33.94934608
-78.3718352,33.9509138
-78.36733921,33.9509138
-78.36599643,33.94668293
-78.36471145,33.94237448
-78.36342648,33.93806603
-78.3621415,33.93375758
-78.36196657,33.92933214
-78.3623251,33.92485048
-78.36450275,33.92099469
-78.36697761,33.91724116
-78.36334865,33.91603829
-78.35893895,33.91516166
-78.35452926,33.91428504
-78.35011956,33.91340842
-78.34570987,33.91253179
-78.34130017,33.91165517
-78.33689048,33.91077855
-78.33247829,33.9102884
-78.32805766,33.91110811
-78.32363703,33.91192781
-78.3192164,33.91274751
-78.31479577,33.91356722
-78.31037514,33.91438692
-78.30595451,33.91520663
-78.30153388,33.91602633
-78.29711325,33.91684603
-78.29269262,33.91766574
-78.28827199,33.91848544
-78.28385137,33.91930515
-78.27943074,33.92012485
-78.27501011,33.92094455
-78.27058948,33.92176426
-78.26616885,33.92258396
-78.26174822,33.92340367
-78.25732759,33.92422337
-78.25290696,33.92504307
-78.24848001,33.92440472
-78.24405243,33.92362338
-78.23962486,33.92284205
-78.23519729,33.92206071
-78.23076972,33.92127937
-78.22637437,33.92038424
-78.22219454,33.91872808
-78.2180147,33.91707191
-78.21382404,33.91547647
-78.20932938,33.9155856
-78.20483472,33.91569473
-78.20034006,33.91580387
-78.1958454,33.915913
-78.19135074,33.91602213
-78.18685608,33.91613126
-78.18236142,33.91624039
-78.17786676,33.91634952
-78.1733721,33.91645866
-78.16887744,33.91656779
-78.16438278,33.91667692
-78.15988812,33.91678605
-78.15540433,33.91653662
-78.15092454,33.91615536
-78.14644475,33.9157741
-78.14196496,33.91539284
-78.13753338,33.91470989
-78.13315785,33.91367612
-78.12878233,33.91264236
-78.12440681,33.91160859
-78.12003128,33.91057483
-78.11565576,33.90954106
-78.11128023,33.90850729
-78.10690471,33.90747353
-78.10252919,33.90643976
-78.09815366,33.90540599
-78.09377814,33.90437223
-78.08940261,33.90333846
-78.08502709,33.9023047
-78.08065157,33.90127093
-78.07627604,33.90023716
-78.07190052,33.8992034
-78.067525,33.89816963
-78.06314947,33.89713587
-78.05877395,33.8961021
-78.05439842,33.89506833
-78.0500229,33.89403457
-78.04556277,33.89351637
-78.04108634,33.89309747
-78.03660991,33.89267857
-78.03220068,33.89212728
-78.02921972,33.88876161
-78.02623876,33.88539593
-78.0232578,33.88203026
-78.02027684,33.87866459
-78.0174422,33.87519668
-78.01530691,33.8712401
-78.01317163,33.86728353
-78.00990985,33.86452023
-78.00583702,33.86261605
-78.00176418,33.86071188
-77.99769135,33.8588077
-77.9934142,33.85743996
-77.98910654,33.85615234
-77.98479888,33.85486473
-77.98055227,33.85342564
-77.97655558,33.85136643
-77.97255889,33.84930722
-77.96894119,33.8491595
-77.96603249,33.85258781
-77.96312379,33.85601613
-77.9613103,33.86006486
-77.95986515,33.86432226
-77.95842001,33.86857966
-77.95697486,33.87283705
-77.95552972,33.87709445
-77.95408457,33.88135185
-77.95263943,33.88560925
-77.95119428,33.88986665
-77.94974914,33.89412404
-77.94830399,33.89838144
-77.94685885,33.90263884
-77.9454137,33.90689624
-77.94396856,33.91115364
-77.94252341,33.91541103
-77.94024203,33.91922803
-77.93754898,33.92282821
-77.93485592,33.9264284
-77.93216287,33.93002859
-77.92946982,33.93362878
-77.92677676,33.93722896
-77.92408371,33.94082915
-77.92139066,33.94442934
-77.9186976,33.94802952
-77.91600455,33.95162971
-77.9133115,33.9552299
-77.91085589,33.95895437
-77.9094322,33.96321899
-77.90800851,33.96748361
-77.90658482,33.97174823
-77.90516114,33.97601286
-77.90373745,33.98027748
-77.90231376,33.9845421
-77.90089007,33.98880672
-77.89946638,33.99307134
-77.8980427,33.99733596
-77.89661901,34.00160058
-77.89519532,34.0058652
-77.89377163,34.01012982
-77.89272022,34.01448758
-77.8919681,34.01892021
-77.89121597,34.02335283
-77.89046385,34.02778546
-77.88971172,34.03221809
-77.8889596,34.03665072
-77.88820747,34.04108335
-77.88745534,34.04551597
-77.88670322,34.0499486
-77.88595109,34.05438123
-77.88519897,34.05881386
-77.88444684,34.06324648
-77.88369472,34.06767911
-77.88294259,34.07211174
-77.88219047,34.07654437
-77.88143834,34.080977
-77.88068622,34.08540962
-77.877629,34.08755395
-77.87348234,34.08892832
-77.87007854,34.09186566
-77.86667473,34.09480301
-77.86327092,34.09774035
-77.85996428,34.10076006
-77.85762364,34.10459872
-77.85528299,34.10843737
-77.85294235,34.11227603
-77.85060171,34.11611468
-77.84826107,34.11995334
-77.84592445,34.12379406
-77.84416467,34.12793134
-77.84240489,34.13206862
-77.84064511,34.13620589
-77.83888533,34.14034317
-77.83712555,34.14448045
-77.83536577,34.14861772
-77.83360599,34.152755
-77.83184621,34.15689228
-77.83008644,34.16102955
-77.82832666,34.16516683
-77.82656688,34.16930411
-77.82322343,34.1718474
-77.81899219,34.17251562
-77.8191375,34.17682973
-77.82303139,34.17710532
-77.82750642,34.17667165
-77.83198144,34.17623797
-77.83645646,34.1758043
-77.84093148,34.17537062
-77.84407235,34.1759676
-77.8425227,34.18018808
-77.84097304,34.18440856
-77.83942339,34.18862904
-77.83787374,34.19284952
-77.83632408,34.19707
-77.83477443,34.20129048
-77.83322478,34.20551096
-77.83057763,34.20901095
-77.82732137,34.21211105
-77.8240651,34.21521115
-77.82080884,34.21831125
-77.81755257,34.22141135
-77.81407483,34.22425177
-77.81049973,34.22697803
-77.80692462,34.22970429
-77.80334951,34.23243055
-77.79977441,34.23515682
-77.7961993,34.23788308
-77.7926242,34.24060934
-77.78904909,34.2433356
-77.78547399,34.24606186
-77.78259605,34.2494954
-77.77981861,34.25303089
-77.77704117,34.25656638
-77.77426372,34.26010187
-77.77148628,34.26363737
-77.76870884,34.26717286
-77.7659314,34.27070835
-77.76315396,34.27424384
-77.76037651,34.27777933
-77.75759907,34.28131482
-77.75482163,34.28485031
-77.75204419,34.2883858
-77.74926675,34.29192129
-77.7464893,34.29545678
-77.74371186,34.29899228
-77.74093442,34.30252777
-77.73815698,34.30606326
-77.73537954,34.30959875
-77.73260209,34.31313424
-77.72972227,34.31657753
-77.72649594,34.31970878
-77.72326962,34.32284002
-77.72004329,34.32597127
-77.71681697,34.32910252
-77.71359064,34.33223376
-77.71036432,34.33536501
-77.70713799,34.33849626
-77.70391167,34.3416275
-77.70068534,34.34475875
-77.69745902,34.34789
-77.69423269,34.35102125
-77.69100637,34.35415249
-77.68778004,34.35728374
-77.68455372,34.36041499
-77.68132739,34.36354623
-77.67810107,34.36667748
-77.67487474,34.36980873
-77.67164842,34.37293997
-77.66842209,34.37607122
-77.66474792,34.37865944
-77.66105976,34.38123069
-77.65737159,34.38380194
-77.65368343,34.38637319
-77.64999527,34.38894444
-77.6463071,34.39151569
-77.64261894,34.39408694
-77.64117912,34.39067317
-77.64009611,34.38630958
-77.6390131,34.38194598
-77.63793009,34.37758239
-77.63684708,34.37321879
-77.63576407,34.36885519
-77.63468106,34.3644916
-77.63239386,34.36414783
-77.62909015,34.36719732
-77.62578645,34.37024682
-77.62248274,34.37329631
-77.61917904,34.37634581
-77.61569325,34.37917488
-77.61207485,34.38184341
-77.60845645,34.38451194
-77.60483805,34.38718047
-77.60121965,34.389849
-77.59760124,34.39251753
-77.59398284,34.39518606
-77.59036444,34.39785459
-77.58674604,34.40052312
-77.58312764,34.40319165
-77.57950924,34.40586018
-77.57589083,34.40852871
-77.57227243,34.41119723
-77.56865403,34.41386576
-77.56503563,34.41653429
-77.56141723,34.41920282
-77.55779883,34.42187135
-77.55418042,34.42453988
-77.55056202,34.42720841
-77.54694362,34.42987694
-77.54332522,34.43254547
-77.53970682,34.435214
-77.53608841,34.43788253
-77.53247001,34.44055106
-77.52885161,34.44321959
-77.52523321,34.44588812
-77.52161481,34.44855665
-77.51799641,34.45122518
-77.51434756,34.45383645
-77.51011184,34.45534396
-77.50587613,34.45685147
-77.50164041,34.45835897
-77.49727174,34.45938874
-77.49286622,34.46028611
-77.48846069,34.46118348
-77.48405517,34.46208085
-77.47964965,34.46297821
-77.47524413,34.46387558
-77.47083861,34.46477295
-77.46652336,34.46595199
-77.46241691,34.46778255
-77.45831046,34.46961311
-77.45420401,34.47144367
-77.45009757,34.47327424
-77.44599112,34.4751048
-77.44188467,34.47693536
-77.43777822,34.47876592
-77.43367177,34.48059648
-77.42956532,34.48242705
-77.42545887,34.48425761
-77.42135242,34.48608817
-77.41724597,34.48791873
-77.41313952,34.48974929
-77.40903307,34.49157986
-77.40492663,34.49341042
-77.40082018,34.49524098
-77.39671373,34.49707154
-77.39260728,34.4989021
-77.38850083,34.50073266
-77.38460386,34.50293028
-77.38093911,34.50553479
-77.37727436,34.5081393
-77.3736096,34.51074381
-77.36994485,34.51334832
-77.3662801,34.51595283
-77.36261535,34.51855734
-77.3587564,34.52081514
-77.35438674,34.52119351
-77.35274365,34.52461557
-77.35407297,34.52867397
-77.35718693,34.53191698
-77.3603009,34.53515999
-77.36341486,34.538403
-77.36652882,34.54164601
-77.36964279,34.54488902
-77.37275675,34.54813203
-77.37537084,34.55141013
-77.37274043,34.55505633
-77.37011001,34.55870253
-77.36747959,34.56234873
-77.36484917,34.56599493
-77.36221875,34.56964113
-77.35958834,34.57328733
-77.35695792,34.57693354
-77.35346552,34.57443477
-77.34993343,34.57165301
-77.34640133,34.56887125
-77.34286924,34.56608949
-77.33933715,34.56330772
-77.33561865,34.56126008
-77.3311873,34.56201974
-77.32675596,34.5627794
-77.32232462,34.56353906
-77.31790899,34.56434226
-77.31401334,34.56658677
-77.31011769,34.56883129
-77.30622205,34.5710758
-77.3023264,34.57332031
-77.29843076,34.57556482
-77.29453511,34.57780933
-77.29030803,34.57923968
-77.28595239,34.58035426
-77.28159674,34.58146883
-77.27750146,34.58331493
-77.27342103,34.58520279
-77.26934061,34.58709066
-77.26526019,34.58897853
-77.26117977,34.59086639
-77.25709935,34.59275426
-77.25315793,34.59483314
-77.25010651,34.59813507
-77.24705509,34.60143699
-77.24400367,34.60473892
-77.24095225,34.60804085
-77.23790083,34.61134277
-77.23484941,34.6146447
-77.23179799,34.61794663
-77.22874657,34.62124855
-77.22569515,34.62455048
-77.22264373,34.62785241
-77.21959231,34.63115434
-77.21654089,34.63445626
-77.21348947,34.63775819
-77.21043806,34.64106012
-77.20738664,34.64436204
-77.20433522,34.64766397
-77.20119726,34.65084316
-77.1970622,34.65260813
-77.19292713,34.65437309
-77.18879206,34.65613806
-77.184657,34.65790303
-77.18052193,34.659668
-77.17638686,34.66143296
-77.1722518,34.66319793
-77.16862977,34.66581949
-77.16803574,34.66927863
-77.17002428,34.67331095
-77.17201282,34.67734327
-77.17400136,34.68137558
-77.17570612,34.68545481
-77.17512104,34.68991257
-77.17201876,34.691848
-77.16755983,34.69242404
-77.16394751,34.69032011
-77.16062871,34.68728705
-77.15780262,34.68379821
-77.15503671,34.68025368
-77.15102056,34.67834573
-77.14689112,34.67781423
-77.14279663,34.67967138
-77.13870213,34.68152852
-77.13528062,34.68426887
-77.13240362,34.68772384
-77.12952663,34.6911788
-77.12712757,34.69491587
-77.12549309,34.69910423
-77.12385862,34.70329259
-77.12222414,34.70748095
-77.1183146,34.70800686
-77.11383563,34.70761607
-77.10935667,34.70722529
-77.1048777,34.70683451
-77.10039873,34.70644372
-77.09591976,34.70605294
-77.09144079,34.70566216
-77.08696182,34.70527137
-77.08809906,34.7035199
-77.0919025,34.70112246
-77.09570594,34.69872502
-77.09950938,34.69632758
-77.1026885,34.69358716
-77.10267197,34.68909121
-77.10265545,34.68459526
-77.10002538,34.68150421
-77.09628449,34.6790103
-77.09266758,34.67636956
-77.08958223,34.67309931
-77.08649689,34.66982906
-77.08341154,34.66655881
-77.0846196,34.66346481
-77.08796261,34.66045846
-77.09130561,34.6574521
-77.09464862,34.65444574
-77.09799163,34.65143938
-77.09768498,34.65025273
-77.09327215,34.6511134
-77.08885931,34.65197407
-77.08444647,34.65283474
-77.08003364,34.65369541
-77.0756208,34.65455608
-77.07120796,34.65541676
-77.06679513,34.65627743
-77.06238229,34.6571381
-77.05796946,34.65799877
-77.05355662,34.65885944
-77.04914378,34.65972011
-77.04473095,34.66058078
-77.04031811,34.66144145
-77.03590527,34.66230213
-77.03149244,34.6631628
-77.0270796,34.66402347
-77.02266676,34.66488414
-77.01825393,34.66574481
-77.01384109,34.66660548
-77.00942825,34.66746615
-77.00501542,34.66832682
-77.00060258,34.6691875
-76.99618974,34.67004817
-76.99177691,34.67090884
-76.98736407,34.67176951
-76.98295123,34.67263018
-76.9785384,34.67349085
-76.97412556,34.67435152
-76.96971272,34.67521219
-76.96529989,34.67607287
-76.96088705,34.67693354
-76.95647422,34.67779421
-76.95206138,34.67865488
-76.94764854,34.67951555
-76.94323571,34.68037622
-76.93882287,34.68123689
-76.93441003,34.68209757
-76.9299972,34.68295824
-76.92558436,34.68381891
-76.92117152,34.68467958
-76.91675869,34.68554025
-76.91234585,34.68640092
-76.90793301,34.68726159
-76.90352018,34.68812226
-76.89910734,34.68898294
-76.8946945,34.68984361
-76.89028167,34.69070428
-76.88586883,34.69156495
-76.88145599,34.69242562
-76.87704316,34.69328629
-76.87263032,34.69414696
-76.86821749,34.69500763
-76.86380465,34.69586831
-76.85939181,34.69672898
-76.85497898,34.69758965
-76.85056614,34.69845032
-76.8461533,34.69931099
-76.84174047,34.70017166
-76.83732763,34.70103233
-76.83291479,34.70189301
-76.82850196,34.70275368
-76.82403749,34.70324544
-76.81955793,34.7036294
-76.81507837,34.70401337
-76.81059881,34.70439733
-76.80611925,34.70478129
-76.80163923,34.70513236
-76.79715064,34.70487448
-76.79266206,34.7046166
-76.78817348,34.70435873
-76.78368489,34.70410085
-76.77919631,34.70384297
-76.77470773,34.70358509
-76.77021914,34.70332722
-76.76573056,34.70306934
-76.76124198,34.70281146
-76.75675339,34.70255358
-76.75226481,34.7022957
-76.74777623,34.70203783
-76.74328764,34.70177995
-76.73879906,34.70152207
-76.73431048,34.70126419
-76.72982189,34.70100632
-76.72533331,34.70074844
-76.72084473,34.70049056
-76.71635614,34.70023268
-76.71186756,34.69997481
-76.70737898,34.69971693
-76.70289039,34.69945905
-76.69840181,34.69920117
-76.69391323,34.6989433
-76.68942464,34.69868542
-76.68493606,34.69842754
-76.68146683,34.69924961
-76.68146536,34.7037456
-76.67895378,34.70695449
-76.67530379,34.70957966
-76.67165381,34.71220482
-76.66800382,34.71482999
-76.66435384,34.71745515
-76.66070385,34.72008032
-76.65694178,34.72127781
-76.65292685,34.7192544
-76.64891192,34.71723099
-76.64489698,34.71520758
-76.64088205,34.71318417
-76.63686712,34.71116076
-76.63306197,34.70911466
-76.63655132,34.70627946
-76.64004067,34.70344426
-76.64353001,34.70060907
-76.64701936,34.69777387
-76.65050871,34.69493867
-76.65399806,34.69210348
-76.65477447,34.687977
-76.65382504,34.68405154
-76.64985529,34.68194087
-76.64588553,34.67983019
-76.64180326,34.67799512
-76.63749063,34.67672426
-76.633178,34.67545339
-76.62886537,34.67418252
-76.62455274,34.67291165
-76.62024011,34.67164078
-76.61592748,34.67036991
-76.61161485,34.66909904
-76.60730222,34.66782817
-76.60298959,34.66655731
-76.59867696,34.66528644
-76.59436433,34.66401557
-76.59036018,34.66206095
-76.58655347,34.65966871
-76.58274675,34.65727647
-76.57894004,34.65488424
-76.57513332,34.652492
-76.5713266,34.65009976
-76.56751989,34.64770752
-76.56371317,34.64531529
-76.55990646,34.64292305
-76.55610862,34.64051849
-76.55263366,34.63766568
-76.54863239,34.63801796
-76.54442759,34.63960967
-76.54022279,34.64120138
-76.53599826,34.64156845
-76.53174439,34.64011297
-76.52749051,34.6386575
-76.52590004,34.63608327
-76.52783862,34.63202669
-76.52977719,34.62797012
-76.53171576,34.62391354
-76.53365434,34.61985696
-76.53559291,34.61580039
-76.53753148,34.61174381
-76.53897242,34.60768111
-76.53713432,34.60357803
-76.53529621,34.59947495
-76.53345811,34.59537187
-76.53162001,34.59126879
-76.52984141,34.59097326
-76.52813243,34.59513178
-76.52642345,34.59929029
-76.52471447,34.60344881
-76.52300549,34.60760733
-76.52129651,34.61176585
-76.51955791,34.61590791
-76.51693136,34.6195569
-76.51430481,34.62320589
-76.51167826,34.62685488
-76.50905171,34.63050387
-76.50642516,34.63415286
-76.50379861,34.63780185
-76.50117207,34.64145084
-76.49854552,34.64509983
-76.49591897,34.64874882
-76.49329242,34.6523978
-76.49066587,34.65604679
-76.48803932,34.65969578
-76.48541277,34.66334477
-76.48278622,34.66699376
-76.48015967,34.67064275
-76.47753312,34.67429174
-76.47490657,34.67794073
-76.47228003,34.68158972
-76.46965348,34.68523871
-76.46702693,34.68888769
-76.46440038,34.69253668
-76.46177383,34.69618567
-76.45914728,34.69983466
-76.45652073,34.70348365
-76.45389418,34.70713264
-76.45126763,34.71078163
-76.44864108,34.71443062
-76.44601453,34.71807961
-76.44338799,34.7217286
-76.44076144,34.72537758
-76.43813489,34.72902657
-76.43550834,34.73267556
-76.43288179,34.73632455
-76.43025524,34.73997354
-76.42762869,34.74362253
-76.42500214,34.74727152
-76.42237559,34.75092051
-76.41974904,34.7545695
-76.41712249,34.75821849
-76.41449595,34.76186748
-76.4118694,34.76551646
-76.40924285,34.76916545
-76.4066163,34.77281444
-76.40398975,34.77646343
-76.4013632,34.78011242
-76.39873665,34.78376141
-76.3961101,34.7874104
-76.39282617,34.79047486
-76.38950934,34.79351009
-76.38619252,34.79654531
-76.3828757,34.79958053
-76.37955888,34.80261576
-76.37624206,34.80565098
-76.37292524,34.8086862
-76.36960842,34.81172143
-76.3662916,34.81475665
-76.36297478,34.81779188
-76.35965796,34.8208271
-76.35634114,34.82386232
-76.35302432,34.82689755
-76.3497075,34.82993277
-76.34639068,34.832968
-76.34307386,34.83600322
-76.3396458,34.83888694
-76.33575666,34.84114271
-76.33186753,34.84339849
-76.3279784,34.84565426
-76.32408926,34.84791004
-76.32008188,34.84993026
-76.31594942,34.85170132
-76.31181696,34.85347237
-76.3076845,34.85524343
-76.30355203,34.85701448
-76.29950111,34.85891392
-76.29614115,34.86190133
-76.2927812,34.86488873
-76.28942124,34.86787614
-76.28606129,34.87086354
-76.28270133,34.87385095
-76.27934138,34.87683835
-76.27598143,34.87982575
-76.27262147,34.88281316
-76.26926152,34.88580056
-76.26590156,34.88878797
-76.26254161,34.89177537
-76.25918165,34.89476278
-76.2558217,34.89775018
-76.25246174,34.90073759
-76.24899905,34.90357684
-76.24502338,34.90567634
-76.24104771,34.90777585
-76.23707204,34.90987535
-76.23309637,34.91197485
-76.22912069,34.91407436
-76.22514502,34.91617386
-76.22168224,34.9188747
-76.21898184,34.92246938
-76.21628144,34.92606406
-76.21358104,34.92965874
-76.21088064,34.93325342
-76.20818024,34.9368481
-76.20547985,34.94044278
-76.20277945,34.94403746
-76.20561583,34.94611587
-76.20977092,34.94783315
-76.21392602,34.94955043
-76.21808112,34.9512677
-76.22223622,34.95298498
-76.22639132,34.95470226
-76.23054641,34.95641953
-76.23470151,34.95813681
-76.23885661,34.95985409
-76.24301171,34.96157136
-76.24716681,34.96328864
-76.25132191,34.96500592
-76.255477,34.9667232
-76.2596321,34.96844047
-76.2637872,34.97015775
-76.2679423,34.97187503
-76.26773123,34.97308261
-76.26329231,34.97379663
-76.25885338,34.97451066
-76.25441446,34.97522468
-76.24997553,34.97593871
-76.24553661,34.97665274
-76.24109769,34.97736676
-76.23665876,34.97808079
-76.23221984,34.97879482
-76.22778091,34.97950884
-76.22334199,34.98022287
-76.21890307,34.9809369
-76.21446414,34.98165092
-76.21002522,34.98236495
-76.20558629,34.98307897
-76.20114737,34.983793
-76.19670845,34.98450703
-76.19226952,34.98522105
-76.1878306,34.98593508
-76.18339167,34.98664911
-76.17895275,34.98736313
-76.17451382,34.98807716
-76.1700749,34.98879119
-76.16563598,34.98950521
-76.16119705,34.99021924
-76.15675813,34.99093326
-76.1523192,34.99164729
-76.14788028,34.99236132
-76.14339512,34.99249809
-76.13963339,34.99402823
-76.13682197,34.99753676
-76.13401056,35.0010453
-76.13119914,35.00455383
-76.12838772,35.00806236
-76.12556766,35.01156085
-76.12167909,35.01381761
-76.11779053,35.01607437
-76.11390197,35.01833113
-76.11001341,35.02058789
-76.10612485,35.02284465
-76.10223629,35.02510142
-76.09834773,35.02735818
-76.09445916,35.02961494
-76.0905706,35.0318717
-76.08668204,35.03412846
-76.08279348,35.03638522
-76.07890492,35.03864198
-76.07501636,35.04089875
-76.0711278,35.04315551
-76.06723924,35.04541227
-76.06335067,35.04766903
-76.05946211,35.04992579
-76.05557355,35.05218255
-76.05168499,35.05443931
-76.04739378,35.055748
-76.04301694,35.05667776
-76.03931638,35.05905311
-76.03841742,35.06191397
-76.04250449,35.0637874
-76.04659156,35.06566084
-76.05067863,35.06753427
-76.0547657,35.0694077
-76.05885277,35.07128113
-76.05619619,35.07251448
-76.05182964,35.07358552
-76.04746309,35.07465656
-76.04309654,35.0757276
-76.03872999,35.07679864
-76.03436344,35.07786968
-76.02999689,35.07894072
-76.02563034,35.08001176
-76.02126379,35.0810828
-76.01689724,35.08215384
-76.01253069,35.08322488
-76.00816414,35.08429592
-76.00711342,35.08367557
-76.01054387,35.08076938
-76.01397432,35.0778632
-76.01723793,35.07507301
-76.01331904,35.0772767
-76.00940016,35.07948039
-76.00548128,35.08168408
-76.0015624,35.08388777
-75.99764352,35.08609146
-75.99372464,35.08829515
-75.98980575,35.09049884
-75.98588687,35.09270253
-75.98196799,35.09490622
-75.97804911,35.09710991
-75.97413023,35.0993136
-75.97021135,35.10151729
-75.96629246,35.10372098
-75.96237358,35.10592467
-75.9584547,35.10812836
-75.95453582,35.11033205
-75.95061694,35.11253574
-75.94669806,35.11473943
-75.94277917,35.11694312
-75.93886029,35.11914681
-75.93494141,35.1213505
-75.93102253,35.12355419
-75.92710365,35.12575787
-75.92318477,35.12796156
-75.91926588,35.13016525
-75.915347,35.13236894
-75.91142812,35.13457263
-75.90745232,35.13664094
-75.90313611,35.13789959
-75.8988199,35.13915824
-75.89450368,35.14041689
-75.89018747,35.14167554
-75.88587126,35.14293419
-75.88155505,35.14419284
-75.87723884,35.14545149
-75.87292263,35.14671014
-75.86860642,35.14796879
-75.8642902,35.14922744
-75.85997399,35.15048609
-75.85565778,35.15174474
-75.85134157,35.15300339
-75.84702536,35.15426204
-75.84270915,35.15552069
-75.83839294,35.15677934
-75.83407672,35.15803799
-75.82976051,35.15929664
-75.8254443,35.16055529
-75.82112809,35.16181394
-75.81691422,35.16327103
-75.81338603,35.16605775
-75.80985785,35.16884447
-75.80632966,35.17163119
-75.80280148,35.17441791
-75.7992733,35.17720462
-75.79538372,35.17941491
-75.79133821,35.18137647
-75.7872927,35.18333803
-75.78324719,35.18529959
-75.77958399,35.18786687
-75.77607274,35.1906749
-75.77325471,35.19417477
-75.77045365,35.19769158
-75.76611737,35.19850781
-75.76166268,35.19911572
-75.75720798,35.19972363
-75.75275328,35.20033154
-75.74829859,35.20093945
-75.74384389,35.20154736
-75.73938919,35.20215527
-75.7349345,35.20276318
-75.7304798,35.2033711
-75.7260251,35.20397901
-75.7215704,35.20458692
-75.71711571,35.20519483
-75.71842228,35.20402858
-75.72244724,35.2020252
-75.72625112,35.19967317
-75.72977951,35.19688671
-75.7333079,35.19410026
-75.73491893,35.18991839
-75.73370719,35.18712541
-75.72937313,35.18592968
-75.72503573,35.18501718
-75.7206747,35.18611051
-75.71648712,35.18759446
-75.71275132,35.19009601
-75.70901553,35.19259755
-75.70527973,35.19509909
-75.7012088,35.19692988
-75.69691403,35.19822958
-75.69250925,35.19913056
-75.68810446,35.20003153
-75.68369968,35.20093251
-75.67943245,35.20230387
-75.67523626,35.20391814
-75.67104007,35.20553241
-75.66684388,35.20714668
-75.66264769,35.20876095
-75.6584515,35.21037521
-75.65425531,35.21198948
-75.65005912,35.21360375
-75.64586293,35.21521802
-75.64150366,35.21622036
-75.63706064,35.21690847
-75.63261763,35.21759659
-75.62817461,35.2182847
-75.62373159,35.21897281
-75.61949339,35.22044086
-75.61528553,35.22202446
-75.61107767,35.22360807
-75.60686981,35.22519167
-75.60266196,35.22677528
-75.5984541,35.22835888
-75.59424624,35.22994249
-75.59003838,35.23152609
-75.58583052,35.2331097
-75.58137307,35.23314089
-75.57688088,35.23295607
-75.5723887,35.23277125
-75.56789651,35.23258643
-75.56340433,35.23240161
-75.55891214,35.23221679
-75.55441996,35.23203197
-75.54995658,35.23249284
-75.54549869,35.23307693
-75.54138878,35.23468424
-75.53749901,35.23693892
-75.53360924,35.2391936
-75.52971947,35.24144828
-75.5258297,35.24370296
-75.52333059,35.24737102
-75.52101318,35.25122374
-75.51869576,35.25507647
-75.51637835,35.25892919
-75.51468247,35.26306542
-75.51329226,35.26734107
-75.51190205,35.27161672
-75.51051183,35.27589237
-75.50912162,35.28016802
-75.5077314,35.28444367
-75.50634119,35.28871932
-75.50495098,35.29299497
-75.50356076,35.29727062
-75.50217055,35.30154627
-75.50078033,35.30582192
-75.49939012,35.31009757
-75.4979999,35.31437322
-75.49660969,35.31864887
-75.49521948,35.32292452
-75.49382926,35.32720017
-75.49243905,35.33147582
-75.49104883,35.33575147
-75.49037988,35.34018619
-75.48984267,35.34464997
-75.48930547,35.34911374
-75.48876826,35.35357752
-75.48823106,35.35804129
-75.48769385,35.36250507
-75.48715664,35.36696884
-75.48661944,35.37143262
-75.48608223,35.37589639
-75.48554503,35.38036017
-75.48500782,35.38482395
-75.48447061,35.38928772
-75.48393341,35.3937515
-75.4833962,35.39821527
-75.482859,35.40267905
-75.48232179,35.40714282
-75.48178458,35.4116066
-75.48124738,35.41607037
-75.48071017,35.42053415
-75.48017297,35.42499792
-75.47963576,35.4294617
-75.47909855,35.43392547
-75.47856135,35.43838925
-75.47802414,35.44285303
-75.47748694,35.4473168
-75.47694973,35.45178058
-75.47641252,35.45624435
-75.47587532,35.46070813
-75.47533811,35.4651719
-75.47480091,35.46963568
-75.4742637,35.47409945
-75.4737265,35.47856323
-75.47318929,35.483027
-75.47265208,35.48749078
-75.47211488,35.49195455
-75.47157767,35.49641833
-75.47104047,35.50088211
-75.4704385,35.50533421
-75.46938365,35.5097047
-75.4683288,35.51407519
-75.46727395,35.51844568
-75.4662191,35.52281616
-75.46516425,35.52718665
-75.46410939,35.53155714
-75.46305454,35.53592763
-75.46199969,35.54029812
-75.46094484,35.54466861
-75.45988999,35.5490391
-75.45883513,35.55340958
-75.45778028,35.55778007
-75.45672543,35.56215056
-75.45567058,35.56652105
-75.45461573,35.57089154
-75.45356088,35.57526203
-75.45250602,35.57963251
-75.45193194,35.58404151
-75.45227767,35.58852418
-75.4526234,35.59300685
-75.45296913,35.59748953
-75.45331487,35.6019722
-75.4536606,35.60645487
-75.45400633,35.61093754
-75.45435206,35.61542022
-75.4546978,35.61990289
-75.45537651,35.62431426
-75.45689672,35.62854543
-75.45841692,35.63277661
-75.45993713,35.63700779
-75.46145733,35.64123896
-75.46297754,35.64547014
-75.46449774,35.64970132
-75.46601795,35.6539325
-75.46753815,35.65816367
-75.46905836,35.66239485
-75.47057856,35.66662603
-75.47209877,35.6708572
-75.47356944,35.67510017
-75.47411806,35.67956255
-75.47466669,35.68402494
-75.47521532,35.68848733
-75.47576395,35.69294971
-75.47631258,35.6974121
-75.47686121,35.70187448
-75.47740983,35.70633687
-75.47795846,35.71079926
-75.47850709,35.71526164
-75.47946801,35.71963776
-75.48075447,35.72394576
-75.48204094,35.72825377
-75.4833274,35.73256177
-75.48461387,35.73686977
-75.48590033,35.74117778
-75.48752062,35.74534733
-75.48966065,35.74930133
-75.49180069,35.75325534
-75.49394073,35.75720934
-75.49608077,35.76116334
-75.4982208,35.76511734
-75.5009429,35.76857083
-75.5045317,35.77127904
-75.50812049,35.77398725
-75.51170929,35.77669546
-75.51529809,35.77940367
-75.5185155,35.78249865
-75.52136696,35.78597472
-75.52421841,35.78945079
-75.52706987,35.79292686
-75.52992133,35.79640293
-75.52995104,35.79758256
-75.52596821,35.79549666
-75.52477828,35.79623878
-75.52681424,35.80024736
-75.5288502,35.80425595
-75.53088615,35.80826454
-75.53292211,35.81227312
-75.53495806,35.81628171
-75.53699402,35.8202903
-75.53902997,35.82429888
-75.54106593,35.82830747
-75.54310189,35.83231605
-75.54513784,35.83632464
-75.5471738,35.84033323
-75.54920975,35.84434181
-75.55124571,35.8483504
-75.55328166,35.85235899
-75.55465313,35.85661228
-75.55570329,35.8609839
-75.55675344,35.86535552
-75.5578036,35.86972714
-75.55885376,35.87409876
-75.55990392,35.87847037
-75.56095407,35.88284199
-75.56200423,35.88721361
-75.56305439,35.89158523
-75.56430151,35.8958729
-75.56672774,35.89965804
-75.56915397,35.90344319
-75.5715802,35.90722833
-75.57400643,35.91101347
-75.57643266,35.91479861
-75.57885889,35.91858375
-75.58128512,35.92236889
-75.58371135,35.92615403
-75.58613758,35.92993917
-75.58856381,35.93372431
-75.59099004,35.93750945
-75.59341627,35.94129459
-75.5958425,35.94507973
-75.59826873,35.94886487
-75.60069496,35.95265001
-75.60312119,35.95643515
-75.60554742,35.96022029
-75.60797365,35.96400543
-75.61039988,35.96779057
-75.61282611,35.97157571
-75.61525234,35.97536085
-75.61767857,35.97914599
-75.6201048,35.98293113
-75.62253103,35.98671628
-75.62495726,35.99050142
-75.62738349,35.99428656
-75.62980972,35.9980717
-75.63223595,36.00185684
-75.63466218,36.00564198
-75.63708841,36.00942712
-75.63951464,36.01321226
-75.64194087,36.0169974
-75.6443671,36.02078254
-75.64679333,36.02456768
-75.64921956,36.02835282
-75.65164579,36.03213796
-75.65407202,36.0359231
-75.65649825,36.03970824
-75.65892448,36.04349338
-75.66135071,36.04727852
-75.66377694,36.05106366
-75.66620317,36.0548488
-75.6686294,36.05863394
-75.67105563,36.06241908
-75.67348187,36.06620422
-75.6759081,36.06998937
-75.67833433,36.07377451
-75.68076056,36.07755965
-75.68318679,36.08134479
-75.68561302,36.08512993
-75.68803925,36.08891507
-75.69046548,36.09270021
-75.69289171,36.09648535
-75.69531794,36.10027049
-75.69774417,36.10405563
-75.7001704,36.10784077
-75.70259663,36.11162591
-75.70502286,36.11541105
-75.70744909,36.11919619
-75.70987532,36.12298133
-75.71230155,36.12676647
-75.71426284,36.12982626
-75.71599681,36.13397441
-75.71773093,36.13812251
-75.71946505,36.14227061
-75.72119917,36.14641871
-75.72293329,36.1505668
-75.72466741,36.1547149
-75.72640153,36.158863
-75.72813565,36.16301109
-75.72986977,36.16715919
-75.73160389,36.17130729
-75.73333801,36.17545538
-75.73507213,36.17960348
-75.73680625,36.18375158
-75.73854037,36.18789968
-75.74027449,36.19204777
-75.74200861,36.19619587
-75.74374274,36.20034397
-75.74547686,36.20449206
-75.74721098,36.20864016
-75.7489451,36.21278826
-75.75067922,36.21693635
-75.75241334,36.22108445
-75.75414746,36.22523255
-75.75588158,36.22938065
-75.75773763,36.23346763
-75.76002304,36.23733942
-75.76230845,36.24121122
-75.76459386,36.24508301
-75.76687927,36.2489548
-75.76916468,36.25282659
-75.7714501,36.25669838
-75.77373551,36.26057018
-75.77602092,36.26444197
-75.77830633,36.26831376
-75.78059174,36.27218555
-75.78287715,36.27605735
-75.78516257,36.27992914
-75.78692621,36.28402137
-75.78810918,36.28835894
-75.78929215,36.2926965
-75.79047512,36.29703406
-75.79099075,36.30148403
-75.79129384,36.30596978
-75.79159694,36.31045554
-75.79190003,36.3149413
-75.79220313,36.31942705
-75.79276763,36.32387513
-75.79374372,36.32826388
-75.79471982,36.33265263
-75.79569591,36.33704138
-75.796672,36.34143013
-75.7980363,36.34570507
-75.79958437,36.34992613
-75.80113243,36.35414719
-75.8026805,36.35836826
-75.80422857,36.36258932
-75.80577663,36.36681038
-75.8073247,36.37103144
-75.80887276,36.37525251
-75.81042083,36.37947357
-75.81194208,36.38370286
-75.81302807,36.38806572
-75.81411407,36.39242857
-75.81520007,36.39679142
-75.81628607,36.40115428
-75.81737207,36.40551713
-75.81845807,36.40987998
-75.81954407,36.41424284
-75.82063007,36.41860569
-75.82171607,36.42296854
-75.82280207,36.42733139
-75.82388806,36.43169425
-75.82497406,36.4360571
-75.82606006,36.44041995
-75.82714606,36.44478281
-75.82823206,36.44914566
-75.82931806,36.45350851
-75.83040406,36.45787137
-75.83149006,36.46223422
-75.83257606,36.46659707
-75.83366206,36.47095993
-75.83474805,36.47532278
-75.83583405,36.47968563
-75.83692005,36.48404849
-75.83800605,36.48841134
-75.83909205,36.49277419
-75.84017805,36.49713704
-75.84126405,36.5014999
-75.84235005,36.50586275
-75.84343605,36.5102256
-75.84452205,36.51458846
-75.84560804,36.51895131
-75.84669404,36.52331416
-75.84778004,36.52767702
-75.84886604,36.53203987
-75.84995204,36.53640272
-75.85103804,36.54076558
-75.85212404,36.54512843
-75.85321004,36.54949128
-75.85429604,36.55385414
-75.85538204,36.55821699
-75.85646803,36.56257984
-75.85755403,36.56694269
-75.85864003,36.57130555
-75.85972603,36.5756684
-75.86081203,36.58003125
-75.86189803,36.58439411
-75.86298403,36.58875696
-75.86451034,36.59296779
-75.86634744,36.59707132
-75.86818455,36.60117484
-75.87002166,36.60527837
-75.87185877,36.60938189
-75.87369587,36.61348542
-75.87553298,36.61758894
-75.87737009,36.62169247
-75.87920719,36.62579599
-75.8810443,36.62989952
-75.88288141,36.63400304
-75.88471851,36.63810657
-75.88655562,36.64221009
-75.88839273,36.64631362
-75.89022983,36.65041715
-75.89206694,36.65452067
-75.89390405,36.6586242
-75.89574115,36.66272772
-75.89757826,36.66683125
-75.89941537,36.67093477
-75.90125248,36.6750383
-75.90308958,36.67914182
-75.90492669,36.68324535
-75.9067638,36.68734887
-75.9086009,36.6914524
-75.91043801,36.69555592
-75.91227512,36.69965945
-75.91411222,36.70376297
-75.91594933,36.7078665
-75.91778644,36.71197002
-75.91962354,36.71607355
-75.92146065,36.72017707
-75.92329776,36.7242806
-75.92513486,36.72838412
-75.92697197,36.73248765
-75.92880908,36.73659118
-75.93064618,36.7406947
-75.93248329,36.74479823
-75.9343204,36.74890175
-75.93615751,36.75300528
-75.93799461,36.7571088
-75.93983172,36.76121233
-75.94166883,36.76531585
-75.94350593,36.76941938
-75.94534304,36.7735229
-75.94718015,36.77762643
-75.94901725,36.78172995
-75.95085436,36.78583348
-75.95269147,36.789937
-75.95452857,36.79404053
-75.95636568,36.79814405
-75.95820279,36.80224758
-75.96003989,36.8063511
